{
	"aggregate_enemies": true,
	"aggregate_hostages": false,
	"aggregate_loot": false,
	"anti_bobble": true,
	"anti_stealth_grenades": false,
	"assault_phase_chat_info": true,
	"assault_phase_chat_info_feed": true,
	"auto_laser": true,
	"auto_sentry_ap": true,
	"buff_list_scale": 1,
	"center_assault_banner": true,
	"civilian_color_b": 1,
	"civilian_color_g": 1,
	"civilian_color_r": 1,
	"civilian_spot": false,
	"civilian_spot_voice": false,
	"colorize_names": true,
	"counter_font_size": 14,
	"critical_down_warning_chat_info": true,
	"critical_down_warning_chat_info_feed": true,
	"current_hps_timeout": 5,
	"down_warning_chat_info": true,
	"down_warning_chat_info_feed": true,
	"ecm_battery_chat_info": true,
	"ecm_battery_chat_info_feed": true,
	"enable_buy_all_assets": true,
	"enable_corpse_remover_plus": false,
	"enable_enhanced_assault_banner": true,
	"enable_flashlight_extender": true,
	"enable_hps_meter": true,
	"enable_kill_counter": true,
	"enable_laser_options_snipers": false,
	"enable_laser_options_turret": false,
	"enable_laser_options_turretm": false,
	"enable_laser_options_turretr": false,
	"enable_pacified": true,
	"enemy_color_b": 1,
	"enemy_color_g": 1,
	"enemy_color_r": 1,
	"enhanced_assault_count": true,
	"enhanced_assault_spawns": true,
	"enhanced_assault_time": true,
	"equipment_interrupt": true,
	"flashlight_angle": 60,
	"flashlight_range": 1000,
	"health_bar_color": 2,
	"hold_to_pick": true,
	"hold_to_pick_delay": 0.1,
	"hps_refresh_rate": 1,
	"improved_ammo_count": true,
	"inspire_ace_chat_info": true,
	"interaction_color_b": 0,
	"interaction_color_g": 0.66,
	"interaction_color_r": 1,
	"interact_time_hint": true,
	"language": 1,
	"laser_color_a_snipers": 0.15,
	"laser_color_a_turret": 0.15,
	"laser_color_a_turretm": 0.15,
	"laser_color_a_turretr": 0.11,
	"laser_color_b_snipers": 0,
	"laser_color_b_turret": 0,
	"laser_color_b_turretm": 0,
	"laser_color_b_turretr": 0,
	"laser_color_g_snipers": 0,
	"laser_color_g_turret": 0,
	"laser_color_g_turretm": 1,
	"laser_color_g_turretr": 1,
	"laser_color_r_snipers": 1,
	"laser_color_r_turret": 1,
	"laser_color_r_turretm": 0,
	"laser_color_r_turretr": 1,
	"laser_color_rainbow_snipers": false,
	"laser_color_rainbow_turret": false,
	"laser_color_rainbow_turretm": false,
	"laser_color_rainbow_turretr": false,
	"laser_glow_snipers": 0.2,
	"laser_glow_turret": 0.2,
	"laser_glow_turretm": 0.2,
	"laser_glow_turretr": 0.2,
	"laser_light_snipers": 10,
	"laser_light_turret": 10,
	"laser_light_turretm": 10,
	"laser_light_turretr": 10,
	"left_list_scale": 1,
	"lobby_skins_mode": 4,
	"loot_screen_skip": 2,
	"move_lpi_lobby_box": true,
	"new_icon": false,
	"push_to_interact": true,
	"push_to_interact_delay": 5.0,
	"remove_ads": true,
	"remove_answered_pager_contour": true,
	"remove_body": true,
	"remove_shield": true,
	"remove_interval": 30,
	"replenished_chat_info": false,
	"replenished_chat_info_feed": false,
	"right_list_scale": 1,
	"separate_bagged_loot": true,
	"show_ai_kills": true,
	"show_armor_timer": true,
	"show_buffs": true,
	"show_camera_count": true,
	"show_civilians": true,
	"show_client_ranks": true,
	"show_damage_popup": true,
	"show_deployable_waypoint": true,
	"show_detection_risk": true,
	"show_ecm_retrigger": true,
	"show_ecms": true,
	"show_enemies": true,
	"show_enemy_health": true,
	"show_equipment": false,
	"show_gage_packages": true,
	"show_headshot_kills": true,
	"show_heist_time": true,
	"show_hostages": true,
	"show_hps_current": true,
	"show_hps_total": true,
	"show_inspire_timer": true,
	"show_interaction_circle": true,
	"show_interaction_text": true,
	"show_loot": true,
	"show_melee_interaction": true,
	"show_minion_count": true,
	"show_minions": true,
	"show_own_rank": true,
	"show_pager_count": true,
	"show_pagers": true,
	"show_poco_recommendations": true,
	"show_reload_interaction": true,
	"show_sentries": true,
	"show_special_kills": true,
	"show_special_pickups": true,
	"show_stamina_meter": true,
	"show_suspicion_text": true,
	"show_tape_loop": true,
	"show_text_borders": true,
	"show_timers": true,
	"show_timer_waypoint": true,
	"show_turrets": true,
	"show_underdog_aced": true,
	"skip_black_screen": true,
	"skip_card_picking": true,
	"skip_loot_screen": true,
	"skip_stat_screen": true,
	"stat_screen_skip": 0,
	"swansong_effect": true,
	"tab_font_size": 14,
	"truncate_name_tags": true,
	"waypoint_color_b": 1,
	"waypoint_color_g": 0.5,
	"waypoint_color_r": 0
}