{
	"menu_id": "sydneyhud_hud_tweaks",
	"parent_menu_id": "sydneyhud_options",
	"title": "sydneyhud_hud_tweaks",
	"description": "sydneyhud_hud_tweaks_desc",
	"items": [
		{
			"type": "slider",
			"id": "tab_font_size",
			"title": "tab_font_size",
			"description": "tab_font_size_desc",
			"callback": "callback_tab_font_size",
			"value": "tab_font_size",
			"max": 20,
			"min": 10,
			"step": 1,
			"default_value": 14
		},
		{
		    "type": "toggle",
			"id": "enable_pacified",
			"title": "enable_pacified",
			"description": "enable_pacified_desc",
			"callback": "callback_enable_pacified",
			"value": "enable_pacified",
			"default_value": true
		},
		{
			"type": "divider",
			"size": 16
		},
		{
			"type": "toggle",
			"id": "show_suspicion_text",
			"title": "show_suspicion_text",
			"description": "show_suspicion_text_desc",
			"callback": "callback_show_suspicion_text",
			"value": "show_suspicion_text",
			"default_value": true
		},
		{
			"type": "divider",
			"size": 16
		},
		{
			"type": "toggle",
			"id": "show_enemy_health",
			"title": "show_enemy_health",
			"description": "show_enemy_health_desc",
			"callback": "callback_show_enemy_health",
			"value": "show_enemy_health",
			"default_value": true
		},
		{
			"type": "multiple_choice",
			"id": "health_bar_color",
			"title": "health_bar_color",
			"description": "health_bar_color_desc",
			"callback": "callback_health_bar_color",
			"items": [
				"color_green",
				"color_blue",
				"health_bar_color_mix_green",
				"health_bar_color_mix_blue"
			],
			"value": "health_bar_color",
			"default_value": 2
		},
		{
			"type": "toggle",
			"id": "show_damage_popup",
			"title": "show_damage_popup",
			"description": "show_damage_popup_desc",
			"callback": "callback_show_damage_popup",
			"value": "show_damage_popup",
			"default_value": true
		}
	]
}
