{
	"menu_id": "sydneyhud_hud_lists_options_left",
	"parent_menu_id": "sydneyhud_hud_lists_options",
	"title": "sydneyhud_hud_lists_options_left",
	"description": "sydneyhud_hud_lists_options_left_desc",
	"items": [
		{
			"type": "slider",
			"id": "left_list_scale",
			"title": "left_list_scale",
			"description": "left_list_scale_desc",
			"callback": "callback_left_list_scale",
			"value": "left_list_scale",
			"max": 2,
			"min": 1,
			"step": 0.01,
			"default_value": 1
		},
		{
			"type": "divider",
			"size": 16
		},
		{
			"type": "toggle",
			"id": "show_timers",
			"title": "show_timers",
			"description": "show_timers_desc",
			"callback": "callback_show_timers",
			"value": "show_timers",
			"default_value": true
		},
		{
			"type": "toggle",
			"id": "show_equipment",
			"title": "show_equipment",
			"description": "show_equipment_desc",
			"callback": "callback_show_equipment",
			"value": "show_equipment",
			"default_value": true
		},
		{
			"type": "toggle",
			"id": "show_sentries",
			"title": "show_sentries",
			"description": "show_sentries_desc",
			"callback": "callback_show_sentries",
			"value": "show_sentries",
			"default_value": true
		},
		{
			"type": "toggle",
			"id": "show_ecms",
			"title": "show_ecms",
			"description": "show_ecms_desc",
			"callback": "callback_show_ecms",
			"value": "show_ecms",
			"default_value": true
		},
		{
			"type": "toggle",
			"id": "show_ecm_retrigger",
			"title": "show_ecm_retrigger",
			"description": "show_ecm_retrigger_desc",
			"callback": "callback_show_ecm_retrigger",
			"value": "show_ecm_retrigger",
			"default_value": true
		},
		{
			"type": "toggle",
			"id": "show_minions",
			"title": "show_minions",
			"description": "show_minions_desc",
			"callback": "callback_show_minions",
			"value": "show_minions",
			"default_value": true
		},
		{
			"type": "toggle",
			"id": "show_pagers",
			"title": "show_pagers",
			"description": "show_pagers_desc",
			"callback": "callback_show_pagers",
			"value": "show_pagers",
			"default_value": true
		},
		{
			"type": "toggle",
			"id": "show_tape_loop",
			"title": "show_tape_loop",
			"description": "show_tape_loop_desc",
			"callback": "callback_show_tape_loop",
			"value": "show_tape_loop",
			"default_value": true
		}
	]
}