{
	"menu_id": "sydneyhud_hud_lists_options",
	"parent_menu_id": "sydneyhud_options",
	"title": "sydneyhud_hud_lists_options",
	"description": "sydneyhud_hud_lists_options_desc",
	"items": [
		{
			"type": "slider",
			"id": "buff_list_scale",
			"title": "buff_list_scale",
			"description": "buff_list_scale_desc",
			"callback": "callback_buff_list_scale",
			"value": "buff_list_scale",
			"max": 2,
			"min": 1,
			"step": 0.01,
			"default_value": 1
		},
		{
			"type": "divider",
			"size": 16
		},
		{
			"type": "toggle",
			"id": "show_buffs",
			"title": "show_buffs",
			"description": "show_buffs_desc",
			"callback": "callback_show_buffs",
			"value": "show_buffs",
			"default_value": true
		}
	]
}
