{
	"menu_id": "sydneyhud_hud_lists_options_right",
	"parent_menu_id": "sydneyhud_hud_lists_options",
	"title": "sydneyhud_hud_lists_options_right",
	"description": "sydneyhud_hud_lists_options_right_desc",
	"items": [
		{
			"type": "slider",
			"id": "right_list_scale",
			"title": "right_list_scale",
			"description": "right_list_scale_desc",
			"callback": "callback_right_list_scale",
			"value": "right_list_scale",
			"max": 2,
			"min": 1,
			"step": 0.01,
			"default_value": 1
		},
		{
			"type": "divider",
			"size": 16
		},
		{
			"type": "toggle",
			"id": "show_enemies",
			"title": "show_enemies",
			"description": "show_enemies_desc",
			"callback": "callback_show_enemies",
			"value": "show_enemies",
			"default_value": true
		},
		{
			"type": "toggle",
			"id": "aggregate_enemies",
			"title": "aggregate_enemies",
			"description": "aggregate_enemies_desc",
			"callback": "callback_aggregate_enemies",
			"value": "aggregate_enemies",
			"default_value": false
		},
		{
			"type": "toggle",
			"id": "show_turrets",
			"title": "show_turrets",
			"description": "show_turrets_desc",
			"callback": "callback_show_turrets",
			"value": "show_turrets",
			"default_value": true
		},
		{
			"type": "toggle",
			"id": "show_civilians",
			"title": "show_civilians",
			"description": "show_civilians_desc",
			"callback": "callback_show_civilians",
			"value": "show_civilians",
			"default_value": true
		},
		{
			"type": "toggle",
			"id": "show_hostages",
			"title": "show_hostages",
			"description": "show_hostages_desc",
			"callback": "callback_show_hostages",
			"value": "show_hostages",
			"default_value": true
		},
		{
			"type": "toggle",
			"id": "aggregate_hostages",
			"title": "aggregate_hostages",
			"description": "aggregate_hostages_desc",
			"callback": "callback_aggregate_hostages",
			"value": "aggregate_hostages",
			"default_value": false
		},
		{
			"type": "toggle",
			"id": "show_minion_count",
			"title": "show_minion_count",
			"description": "show_minion_count_desc",
			"callback": "callback_show_minion_count",
			"value": "show_minion_count",
			"default_value": true
		},
		{
			"type": "toggle",
			"id": "show_pager_count",
			"title": "show_pager_count",
			"description": "show_pager_count_desc",
			"callback": "callback_show_pager_count",
			"value": "show_pager_count",
			"default_value": true
		},
		{
			"type": "toggle",
			"id": "show_camera_count",
			"title": "show_camera_count",
			"description": "show_camera_count_desc",
			"callback": "callback_show_camera_count",
			"value": "show_camera_count",
			"default_value": true
		},
		{
			"type": "toggle",
			"id": "show_loot",
			"title": "show_loot",
			"description": "show_loot_desc",
			"callback": "callback_show_loot",
			"value": "show_loot",
			"default_value": true
		},
		{
			"type": "toggle",
			"id": "aggregate_loot",
			"title": "aggregate_loot",
			"description": "aggregate_loot_desc",
			"callback": "callback_aggregate_loot",
			"value": "aggregate_loot",
			"default_value": false
		},
		{
			"type": "toggle",
			"id": "separate_bagged_loot",
			"title": "separate_bagged_loot",
			"description": "separate_bagged_loot_desc",
			"callback": "callback_separate_bagged_loot",
			"value": "separate_bagged_loot",
			"default_value": true
		},
		{
			"type": "toggle",
			"id": "show_gage_packages",
			"title": "show_gage_packages",
			"description": "show_gage_packages_desc",
			"callback": "callback_show_gage_packages",
			"value": "show_gage_packages",
			"default_value": true
		},
		{
			"type": "toggle",
			"id": "show_special_pickups",
			"title": "show_special_pickups",
			"description": "show_special_pickups_desc",
			"callback": "callback_show_special_pickups",
			"value": "show_special_pickups",
			"default_value": true
		}
	]
}