{
	"menu_id": "sydneyhud_core",
	"parent_menu_id": "sydneyhud_options",
	"title": "sydneyhud_core",
	"description": "sydneyhud_core_desc",
	"items": [
		{
			"type": "multiple_choice",
			"id": "sydneyhud_language",
			"title": "sydneyhud_language",
			"description": "sydneyhud_language_desc",
			"callback": "callback_sydneyhud_language",
			"items": [
				"language_english",
				"language_japanese",
				"language_french",
				"language_russian",
				"language_portuguese"
			],
			"value": "language",
			"default_value": 1
		}
	]
}
