{
	"menu_id": "sydneyhud_hud_tweaks_interact",
	"parent_menu_id": "sydneyhud_hud_tweaks",
	"title": "sydneyhud_hud_tweaks_interact",
	"description": "sydneyhud_hud_tweaks_interact_desc",
	"items": [
		{
			"type": "toggle",
			"id": "show_melee_interaction",
			"title": "show_melee_interaction",
			"description": "show_melee_interaction_desc",
			"callback": "callback_show_melee_interaction",
			"value": "show_melee_interaction",
			"default_value": true
		},
		{
			"type": "toggle",
			"id": "show_reload_interaction",
			"title": "show_reload_interaction",
			"description": "show_reload_interaction_desc",
			"callback": "callback_show_reload_interaction",
			"value": "show_reload_interaction",
			"default_value": true
		},
		{
			"type": "toggle",
			"id": "show_interaction_circle",
			"title": "show_interaction_circle",
			"description": "show_interaction_circle_desc",
			"callback": "callback_show_interaction_circle",
			"value": "show_interaction_circle",
			"default_value": true
		},
		{
			"type": "toggle",
			"id": "show_interaction_text",
			"title": "show_interaction_text",
			"description": "show_interaction_text_desc",
			"callback": "callback_show_interaction_text",
			"value": "show_interaction_text",
			"default_value": true
		},
		{
			"type": "toggle",
			"id": "show_text_borders",
			"title": "show_text_borders",
			"description": "show_text_borders_desc",
			"callback": "callback_show_text_borders",
			"value": "show_text_borders",
			"default_value": true
		},
		{
			"type": "divider",
			"size": 16
		},
		{
			"type": "slider",
			"id": "interaction_color_r",
			"title": "interaction_color_r",
			"description": "interaction_color_r_desc",
			"callback": "callback_interaction_color_r",
			"value": "interaction_color_r",
			"max": 1,
			"min": 0,
			"step": 0.01,
			"default_value": 1
		},
		{
			"type": "slider",
			"id": "interaction_color_g",
			"title": "interaction_color_g",
			"description": "interaction_color_g_desc",
			"callback": "callback_interaction_color_g",
			"value": "interaction_color_g",
			"max": 1,
			"min": 0,
			"step": 0.01,
			"default_value": 0.66
		},
		{
			"type": "slider",
			"id": "interaction_color_b",
			"title": "interaction_color_b",
			"description": "interaction_color_b_desc",
			"callback": "callback_interaction_color_b",
			"value": "interaction_color_b",
			"max": 1,
			"min": 0,
			"step": 0.01,
			"default_value": 0
		}
	]
}